Fragment,Halogen_Bonds,Hydrogen_Bonds,Hydrophobic_Interactions,Salt_Bridges,Water_Bridges,pi-Cation_Interactions,pi-Stacking,Percentage of Interaction (%),Lowest Energy
LYSA617,0.0,0.0,0.4,0.7,0.0,0.0,0.0,12.5,-60.8
ILEA619,0.4,0.7,4.9,0.0,0.0,0.0,0.0,58.3,-12.6
VALA627,0.0,0.0,2.1,0.0,0.0,0.0,0.0,20.8,-6.5
ALAA644,0.0,0.0,5.7,0.0,0.0,0.0,0.0,66.7,-4.4
LYSA646,0.0,1.4,7.1,0.0,0.0,1.4,0.0,70.8,-26.2
GLUA663,0.0,1.1,2.8,0.0,0.4,0.0,0.0,37.5,-26.6
PHEA670,0.0,0.0,1.1,0.0,0.0,0.0,0.0,8.3,-1.4
ILEA675,0.0,0.0,0.4,0.0,0.0,0.0,0.0,4.2,-0.4
ILEA676,0.0,0.0,1.4,0.0,0.0,0.0,0.0,12.5,-7.9
ILEA690,0.0,0.0,6.7,0.0,0.0,0.0,0.0,79.2,-4.4
THRA692,0.0,6.4,7.1,0.0,0.0,0.0,0.0,91.7,-6.8
GLUA693,0.0,0.4,0.0,0.0,0.0,0.0,0.0,4.2,-10.7
TYRA694,0.0,2.8,7.1,0.0,0.4,0.0,0.0,83.3,-19.0
META695,0.0,15.5,0.0,0.0,0.0,0.0,0.0,100.0,-9.4
GLUA696,0.4,0.0,0.0,0.0,0.0,0.0,0.0,4.2,-8.8
ASNA697,0.0,0.0,0.0,0.0,1.1,0.0,0.0,12.5,-3.1
ALAA699,0.0,1.1,0.0,0.0,1.4,0.0,0.0,29.2,-11.4
LYSA702,0.0,0.4,0.4,0.4,0.7,0.0,0.0,12.5,-40.1
PHEA703,0.0,0.0,0.4,0.0,0.0,0.0,0.0,4.2,-0.4
GLUA706,0.0,0.7,0.0,1.4,2.1,0.0,0.0,25.0,-43.3
TYRA735,0.0,0.0,1.4,0.0,0.0,0.0,0.0,16.7,-3.4
LEUA746,0.0,0.0,4.2,0.0,0.0,0.0,0.0,45.8,-9.3
SERA756,0.0,0.7,0.0,0.0,0.0,0.0,0.0,8.3,-4.3
ASPA757,0.0,1.8,1.8,0.0,0.0,0.0,0.0,25.0,-19.2
PHEA758,0.0,0.0,0.4,0.0,0.0,0.0,1.4,16.7,-12.9
