,VALA627,GLUA663,ILEA690,TYRA735,LEUA746,ASPA757,PHEA758,THRA692,META695,ALAA644,TYRA694,LYSA646,GLUA693,SERA756,GLUA706,ILEA676,ASNA697,ALAA699,ILEA619,LYSA702,PHEA670,ILEA675,LYSA617,PHEA703,GLUA696
6FNF_DXH_A_1,-5.643,-25.709,-0.623,-2.819,-5.065,-6.726,-12.938,-6.186,-6.959,,,,,,,,,,,,,,,,
5I9Z_627_A_1,,,,,-9.323,,,1.467,-1.458,-0.935,-15.094,-21.51,-10.698,-0.753,-39.104,,,,,,,,,,
6FNG_DWT_A_1,-3.734,-26.649,-0.276,-3.374,,-8.571,-11.047,-6.815,-6.472,,-6.998,,,,,-7.913,,,,,,,,,
5NJZ_8ZH_A_1,,,-0.518,,-5.754,,,-5.367,-2.97,-2.108,-7.496,,,,,,-1.698,-5.462,,,,,,,
5I9X_DB8_A_1,,,,,,,,,-3.582,-3.358,,2.179,,,-43.343,,,-2.509,-1.862,,,,,,
5NKG_8ZK_A_1,,,-0.697,,-5.486,,,-4.777,-2.571,-1.949,-11.225,-2.707,,,,,,,-6.875,,,,,,
5I9Y_1N1_A_1,,2.613,-2.548,,,,,-6.066,-6.618,-3.184,-9.772,-18.813,,,-9.978,,,-5.077,,-10.206,,,,,
5NKH_8ZQ_A_1,,,-1.096,,,,,-4.347,-2.076,,-12.541,-2.24,,,-30.792,,,-6.431,-5.759,,,,,,
5NKI_8ZW_A_1,,,-2.462,,-5.672,,,-5.686,-5.624,-2.493,-8.81,,,,,,,,-6.323,,,,,,
5IA3_P17_A_1,,,-2.306,,-5.621,,,-3.22,-4.753,-2.056,-7.627,-15.038,,,,,,,,,,,,,
5NKB_8ZT_A_1,,,-2.802,,-6.082,,,-5.734,-5.692,-3.172,-9.898,,,,,,,,-7.513,,,,,,
5IA4_88Z_A_1,-3.594,-10.126,,-0.288,,-19.234,-10.561,-2.324,-3.657,-3.324,-6.768,-12.061,,,,-3.748,,,,,-1.404,-0.38,,,
5NK6_90W_A_1,,-6.758,-2.086,,-5.565,,,-5.666,-6.257,-2.47,-8.075,,,,,,,-11.443,-4.903,-1.894,,,,,
5NKC_90T_A_1,,11.268,-4.402,,,,,-5.836,-8.801,,-19.014,-26.178,,,,,,,-12.55,,,,-40.273,,
5IA5_GV0_A_1,,-7.914,,-0.577,,-16.546,-11.989,-1.784,-1.617,,,-12.802,,,-20.263,-3.405,,,,,-1.197,,,,
5NK7_8ZZ_A_1,,,-0.609,,-5.316,,,-4.961,-2.542,-2.231,-12.22,-5.359,,,,,1.615,,,,,,,,
5NKD_91K_A_1,,,-4.358,,,,,-6.357,-8.302,-2.673,-6.605,-24.563,,,,,,,-8.724,,,,-60.754,,
5NK8_90Z_A_1,,,-1.667,,,,,-4.217,-4.938,,-11.815,-4.241,,,-28.651,,-3.136,,-6.277,,,,,-0.422,
5NK2_8ZZ_A_1,,-5.901,-0.848,,-5.624,,,-5.304,-3.051,-2.154,-13.106,-9.062,,,,,,,-6.599,,,,,,-8.798
5IA1_ZZL_A_1,-6.483,,,,-7.984,1.335,,,-9.426,-3.538,-4.821,,,-4.308,,,,,-7.548,-40.114,,,,,
5NK3_92Q_A_1,,,0.6,,,,,-4.719,-4.175,,-11.159,1.047,,,,,,-9.358,-1.288,,,,,,
5IA2_L66_A_1,-5.707,-21.411,-1.493,,,-7.758,,-5.311,-9.275,-4.389,,-0.503,,,,,,,,,,,,,
5NK4_90E_A_1,,,0.718,,,,,-5.068,-2.946,-0.811,-11.416,9.982,,,,,,-5.984,-2.256,,,,,,
5NKA_91H_A_1,,,-3.549,,,,,-5.045,-7.227,,-14.155,-6.225,,,,,,,-9.892,,,,-14.637,,
